tweet_id,text,location,date
1629997714531397635,So don‚Äôt ask how I know this‚Ä¶. But just because they haven‚Äôt been notified doesn‚Äôt mean they aren‚Äôt traded. I can t‚Ä¶ https://t.co/HEbgnOy1MK,"Staten Island, NY",2023-02-27
1629991117495123968,@JuniorPalmtrees Had me sweating not going front,"Laurel, VA",2023-02-26
1629988525503553536,H pylori I got chills and my head start itching nose start running after this Iowa city dish and was beat badly at‚Ä¶ https://t.co/EqhIdPmEY4,"Santa Monica, CA",2023-02-26
1629986231869136897,"@amandadavey23 Fever, chills and body aches?? I had that yesterday. Woke up today and was fine","New York, USA",2023-02-26
1629985968139776001,"CHRIS. MF. KIRK. 

Sweating that in person after last Berger last year took a lot out of me to day the least‚Ä¶ 

Out‚Ä¶ https://t.co/SbSd0nG0yT","Palm Beach Gardens, FL",2023-02-26
1629985090380939265,@1Wlththeforce I had chills! I picked out my work clothes for tomorrow and packed my üíº,"Haverstraw, NY",2023-02-26
1629983790742519809,LFG @Lakers!!! Had me sweating in the first half,"Cypress, CA",2023-02-26
1629980798634868736,First @penguins game this year and that hype video gave me the good chills üòç https://t.co/7I7T5alyK2,"Pittsburgh, PA",2023-02-26
1629972674385412097,How it‚Äôs snowing in California but we having the hottest February in Georgia???? üòÖ I was sweating after I left the store today,"Augusta, GA",2023-02-26
1629968554438316034,socal is so silly rn like there‚Äôs snow on the top of the mountains I can see from my apt but I drove 15min past whe‚Ä¶ https://t.co/B45X1wd6VM,"Solana Beach, CA",2023-02-26
1629966937022234624,Heard this on the post game show. Jamie is absolutely out of breath. I can only imagine the surreal feeling people‚Ä¶ https://t.co/EBTEPBIAa8,"Iowa City, IA",2023-02-26
1629961722210467843,@NoNameButTM I spent almost a year being told my chronic cough was due to either bronchitis or seasonal allergies.‚Ä¶ https://t.co/Yy2AnzJXkJ,"Tuckahoe, VA",2023-02-26
1629958077863665665,@ASonsiadek @MikeBeeOfficial First 30 sec gave me chills I got stuck,"Kansas, USA",2023-02-26
1629957021163290624,with napoli winning the title i‚Äôd really love to see him get more minutes in serie a for the rest of the season‚Ä¶eve‚Ä¶ https://t.co/DM74vr4SXW,"Nashville, TN",2023-02-26
1629955598853742600,@harpsibored This gave me the chills. Great improvised performance.,"University, FL",2023-02-26
1629955336651112449,Bruh now I‚Äôm sweating my ass off in this hoodie.,"Dallas, TX",2023-02-26
1629952428337496066,@ActifyPress Nah it‚Äôs not the same. I‚Äôve seen her sweating before. This is different.,"Georgia, USA",2023-02-26
1629944301080940544,@69Fenice @canyaman1989 @dmtzdmr I got chills just from watching the videoü•πWhat a wonderful blessingüôèüèºüëèüèº https://t.co/LGBZtqt0wz,"California, USA",2023-02-26
1629941225712410625,"Fever, chills, fatigue, no appetite‚Ä¶
Ugh, I think I‚Äôm getting sick ü§í","Los Angeles, CA",2023-02-26
1629935262456336385,"When it's lightly snowing, only in the 20's, &amp; you're sweating like crazy. https://t.co/vIldqw9Qvk","Barre, VT",2023-02-26
1629931260276506624,saw the first minute of @theweeknd  hbo concert  special and chills yet again!!! 145 more days... https://t.co/9kPnFZe30x,"Manhattan, NY",2023-02-26
1629929901640826882,@CoachChills @SouthKentHoops Congrats Chills!üèÜ,"South Bend, IN",2023-02-26
1629927944754806787,@SamRC1987 So on top of the hideous exhaustion and feeling still like I don't even know where I am I'm going back t‚Ä¶ https://t.co/7TYACsap09,"Indiana, USA",2023-02-26
1629927316259315713,"Moving more stuff out of the house in Laredo to SA . Sweating, hurting , reminiscing","Laredo Ranchettes, TX",2023-02-26
1629926749785194497,@netanyahu breath of YHWH so they suck your breath out in protest with the weapon VOG gone evil,"Valley Springs, CA",2023-02-26
1629925990293028864,4c hair is no joke üò≠ how I‚Äôm blow drying my hair but it‚Äôs a workout so my forehead sweating and my hair puffing back up ü§¨üò†üò≠,"Baltimore, MD",2023-02-26
1629913124894588929,I just got chills thinking about Ilya Lyubushkin crushing Brad Marchand in the first period of Game 3 of the first‚Ä¶ https://t.co/kBvRPCFtne,"Buffalo, NY",2023-02-26
1629912801232789507,@reformedemocrat @TheTNHoller @FortSanders @Knoxville_PD @CharmeAllenDA How in the hell did anyone not recognize he‚Ä¶ https://t.co/Ss0BWpPHmZ,"Brookfield Center, OH",2023-02-26
1629907738552590339,Day 8 pneumonia finally starting to feel better https://t.co/MrN4ZwPcGX,"Twin Grove, IL",2023-02-26
1629897232852893696,@OuchYOMH Sweating Bullets,"Atlantic City, NJ",2023-02-26
1629889508903714817,"‚ÄúWhere The Crawdads Sing‚Äù

I take back what I said about no good movies being made bc of Covid. 
5 Stars ‚≠êÔ∏è Wow 
I‚Ä¶ https://t.co/3JE7Sh8jET","Lowell, MA",2023-02-26
1629888390911991810,This chills my soul https://t.co/5k8IfoME48,"Charlottesville, VA",2023-02-26
1629886678511886338,@EricaBoulter @SuseReynolds777 Gonna get pneumonia hope heaters running,"Cohoes, NY",2023-02-26
1629884156082630659,"Thanks to Kayla Baptista, Karen Lopez, and the entire @ParkinsonDotOrg team for yesterday‚Äôs phenomenal‚Ä¶ https://t.co/OXZ1yrOjRg","Coral Gables, FL",2023-02-26
1629879478724837380,@AMarieBee @KarenCo11126496 Hahahaha I‚Äôm not sweating it! üòÇü•π she‚Äôs probably laying in bed laughing like a crazy loo‚Ä¶ https://t.co/9CZEMUaOLM,"New Hampshire, USA",2023-02-26
1629873256978063365,@TyDHarrington @realEstateTrent No one in their right mind?  There‚Äôs people who don‚Äôt enjoy sweating all the time.,"Buffalo, NY",2023-02-26
1629872827707842560,@AlfredRaguckas @EricMMatheny More died in the 1918 epidemic from bacterial pneumonia from mask wearing than the fl‚Ä¶ https://t.co/Co7FzabbhH,"Chesterfield, MO",2023-02-26
1629871721154060292,@CoachKpac ü•∞üòé I think we have a few more moments/chills to go!!!,"Mississippi, USA",2023-02-26
1629870391731838976,@temujinbk Pneumonia for the second time in two months. She responded a lot better this time around tho,"Portland, OR",2023-02-26
1629867569862815744,Jambi always gives me chills,"Salt Lake City, UT",2023-02-26
1629855191154475010,"@scottwildcat Omg shoes/mother's day, charlie the unicorn, Sweet brown (bronchitis), Muffins, Mr trololo, I like tu‚Ä¶ https://t.co/c1qLDRHe8k","Kansas, USA",2023-02-26
1629844670082609158,Gives me chills to see the growth of our game üíö https://t.co/OBhNtuEN9u,"Elmsford, NY",2023-02-26
1629834395912749056,"I Definitely got the flu cause if I had Covid this sickness would not be this bad. Legit have chills, fever, runny‚Ä¶ https://t.co/2b0ts7fFmE","Texas, USA",2023-02-26
1629827092492763137,ü•∞ CHILLS! https://t.co/r0AwAXtPCE,"Pulaski, VA",2023-02-26
1629825412535660544,"@BrexodusRex @TaniaAlcor Understand people are saying that this is not correct however, until it‚Äôs not not happenin‚Ä¶ https://t.co/kptZ2Otmuj","Washington, DC",2023-02-26
1630012070585311235,@india_da_topic Sweating going to far nastyüòÇüòÇüòÇ,"Tampa, FL",2023-02-27
1630010540285149185,Station 19 last episode gives me chills,"Detroit, MI",2023-02-27
1630015856045608961,This is the coldest I've ever been at a race track. Used to sweating here at Auto Club lol. #NASCAR,"Fontana, CA",2023-02-27
1630015849003089920,@MimiLivaccari I sometimes wonder if I am. Then I wonder if what I thought was MG crud back in '20 was COVID. Then‚Ä¶ https://t.co/t9nBunaulm,"New Orleans, LA",2023-02-27
1630013641889132544,@callmeafilmnerd @ReillyBJohnson @MCUPerfectGifs Literal chills and giddy Goosebumps,"Queens, NY",2023-02-27
1630029130891776000,I finish a second mission on a game for Lezhin and all the coins I earned went to the coin back event all 300 lol a‚Ä¶ https://t.co/ObOkDx5Dxk,"Queens, NY",2023-02-27
1630026430040899587,This will give me chills until the day I die. https://t.co/ulLFhvLUbC,"Boston, MA",2023-02-27
1630033387925782530,bein cold and sweating the worst shit,"New Orleans, LA",2023-02-27
1630032903290728449,This is my now by @JordinSparks playing during @mckaylastacey_‚Äôs judge deliberations gave me chills. like. the pass‚Ä¶ https://t.co/abcf051CJS,"Mooresville, NC",2023-02-27
1630032740048306177,Chills! Scooter is what ECU baseball needed! Great job dude! https://t.co/qQFIbU2HiZ,"Winterville, NC",2023-02-27
1630037091437654017,"""Resistance is strongest in suburban cities dominated by wealthy residents who live in spacious homes on large lots‚Ä¶ https://t.co/Mn3W6mDDso","San Francisco, CA",2023-02-27
1630036114298875904,@SteveMerkle9 Chills,"New York, USA",2023-02-27
1630035568636592130,@AugustLaveau I really was sweating on the Home Screen begging it to show up!!! So glad we were able to snag it ‚ù§Ô∏è‚ù§Ô∏è‚ù§Ô∏è,"Oakland, FL",2023-02-27
1630042156693098500,@BrentKemnitz I‚Äôve got chills there multiplying.,"Lincoln, CA",2023-02-27
1630048285405609989,"@RepMTG Why don‚Äôt you write one about the flu vaccine, pneumonia, chicken pox, polio, tetanus, hepatitis A and B, m‚Ä¶ https://t.co/o3MgV4IHH9","Fredericktown, MO",2023-02-27
1630048214186622982,"@WhiteHouse @POTUS @VP WOW!  CHILLS!  We have come a long way, but have far to go. Bravo to @POTUS and @vp for incl‚Ä¶ https://t.co/NfdQHaSvjp","Los Angeles, CA",2023-02-27
1630053941680414720,@alexktwist and @TheSaurus831 just gave one of the greatest performances in KOTD history‚Ä¶‚Ä¶. Chills!!!! What a weekend #LLPS #StayForever,"Woodstock, GA",2023-02-27
1630053150680915968,Tanner Jeannot Game 7 game-winning goal against Toronto is gonna be chills.,"Windsor, Ontario",2023-02-27
1630055551911579651,"We breath in and out 22,000 times a day. Just the sound of Breathing in and out has more meaning than you think. 
C‚Ä¶ https://t.co/u7uidWdYK5","Shawnee, KS",2023-02-27
1630063066476945408,Still one of THE BEST performances by anyone ever. Watching this performance still gives me the chills and also mak‚Ä¶ https://t.co/gfz1Jzj3Ib,"Austin, TX",2023-02-27
1630062801757585408,2.6 mile wide Tornado. Biggest ever. The youtube footage still gives me chills. https://t.co/cbuMGCMl2i,"Memphis, TN",2023-02-27
1630064670630395904,Praying still gives me chills every time I listen to it. @KeshaRose,"Pennsylvania, USA",2023-02-27
1630069095055130624,Memorable words by H√©ber after scoring his first goal as a #Sounder tonight. He said all the pregame energy at Lume‚Ä¶ https://t.co/cbrNQKYmCw,"Seattle, WA",2023-02-27
1630099024056287234,@DapperDan_C Gave you chills ??????,"Florida, USA",2023-02-27
1630110833228365825,@ANGRYRAIDER2 @smashleyhamer @punished_cait :) I do too. But I prefer to spend the time getting my place ready for‚Ä¶ https://t.co/D5FkxAQydA,"Miami Beach, FL",2023-02-27
1630122076354015233,"@AntonioTweets2 I am pre-vaccine except for smallpox. I survived Infantile pneumonia, polio, mumps, measles, German‚Ä¶ https://t.co/WgoUOiBuGQ","Salinas, CA",2023-02-27
1630163097884274688,"Every time I see news about this, I still get chills. Congrats young man. https://t.co/VS0IbDLeUv","Rochester Hills, MI",2023-02-27
1630167466344161282,"@ClayTravis Interesting ü§î I never get flu shots and I never get the flu, and my whole life I periodically get bronc‚Ä¶ https://t.co/BSgzwpQlUh","Fort Worth, TX",2023-02-27
1630184021635346433,"Walmart - Alva, Oklahoma - Suspected food poisoning. Symptoms: Diarrhea, Nausea, Vomiting, Stomach Pain, Cramps, Ch‚Ä¶ https://t.co/3NHKAXxJro","Alva, OK",2023-02-27
1630181810549161986,"up a legal defense. I say he's still withholding &amp; sweating it. Obstruction much? If the crime doesn't get you, the cover up will.","North Ridgeville, OH",2023-02-27
1630187885868482562,"@NurseKirsty_ @theSNP With my son( he's28- diagnosed at age 14), I noticed a few things over the years that improve‚Ä¶ https://t.co/Y2MfjXhopu","South Miami Heights, FL",2023-02-27
1630187725750927364,TCU beat Kansas in Phog by 23 and our average margin of defeat by TCU is a mere 3.5. The transitive property in spo‚Ä¶ https://t.co/C2KfznR9tI,"Plano, TX",2023-02-27
1630185009876201472,"@s_spears75 ‚Ä¶..and because you‚Äôve had pneumonia, you‚Äôre more susceptible.  Best to stay home, rest and infuse w Vit‚Ä¶ https://t.co/SxOcsBPE2s","Ankeny, IA",2023-02-27
1630196792166891526,@kateberger709 @Stefild @ClownWorld_ Another guy we had was 840lbs‚Ä¶we had to make a make shift wench system to get‚Ä¶ https://t.co/cfYAVYD198,"Goshen, IN",2023-02-27
1630203933292388355,@FatandSouthrn I can sweat just thinking about sweating. So no matter what I do I‚Äôm gonna sweat‚Ä¶even drinking and talking in 20 degrees üòÖ,"Mount Juliet, TN",2023-02-27
1630207565513601025,senior night wenseday the bram will be chills,"Lenexa, KS",2023-02-27
1630204680998637568,Bro was still out of breath when he went up to bat. Bro hit a treadmillüò≠ https://t.co/ykT6myLF1Z,"Cinco Ranch, TX",2023-02-27
1630213066129326080,"I ain‚Äôt go lie, Dame had me sweating last night https://t.co/MQzMxp3NfW","Tallahassee, FL",2023-02-27
1630218436096786432,Chills ü•∂ https://t.co/JvMGESQ5Ox,"Indianapolis, IN",2023-02-27
1630227883401654274,@MargHelgen So crushed that she couldn‚Äôt find a bone marrow match sooner. Then the pneumonia. Just horribly unfair.,"Baltimore, MD",2023-02-27
1630225520565559298,@joshsorbe Like why was I sweating in the Capitol Hill Trader Joe‚Äôs,"Washington, DC",2023-02-27
1630232496238653441,"‚Äúif any type of water system, ‚Ä¶is not used for some time it can lead to stagnating water conditions which can give‚Ä¶ https://t.co/sY9mt7eknr","Orlando, FL",2023-02-27
1630238301864226817,@MattsOnTrack @BeauPete2 @JebraFaushay You‚Äôre a mess Matt. He‚Äôs older &amp; from the way he‚Äôs talking seems really out of breath.,"Oakland, CA",2023-02-27
1630237519164915713,"Symptoms of #heartfailure are shortness of breath, fatigue, swelling in the legs, ankles and feet, rapid or irregul‚Ä¶ https://t.co/rY2GoIlCqR","Toronto, Ontario",2023-02-27
1630244731224743937,"We're so sad to hear of Coach Holland's passing.....

The UNDAUNTED video still gives us chills.........‚Ä¶ https://t.co/cKKwl61I9g","North Carolina, USA",2023-02-27
1630247706353635328,"@TaylorKron I'm getting there boo üòå slowly but surely

I think I had the flu, bronchitis, or a really really bad co‚Ä¶ https://t.co/N8zttqauTl","Enterprise, NV",2023-02-27
1630262636234543106,Thank god for my tax refund cause I haven‚Äôt been able to find work all of February and I was sweating about paying‚Ä¶ https://t.co/Rc5IT3SzbG,"Los Angeles, CA",2023-02-27
1630261483475959810,"Imagine this: game 7 of the World Series, bottom of the 9th, home team down 1, bases loaded, 2 outs, and a full cou‚Ä¶ https://t.co/PnAnCbsAgj","Granger, IN",2023-02-27
1630264636955082752,just got chills thinking about how I get to see @Griz SO SOON,"Florida, USA",2023-02-27
1630270736966492166,"Mane! Every time I leave the #VAHospital I feel like a piece of Swiss cheese.üò≥

After my sessions, the doc is alway‚Ä¶ https://t.co/DUfOPHbvYM","Phoenix, AZ",2023-02-27
1630273794395832321,@FatinShaza Nti I let u try my mascara. It doesn‚Äôt smudge too. Kalau cuci it will not leave any stain around ur eye‚Ä¶ https://t.co/5iYH6mWNn2,"Farmers Branch, TX",2023-02-27
1630278933663866882,I'm dehydrated. This workout is kicking my butt and I am barely sweating,Bahamas,2023-02-27
1630275891069861888,Vlogging your MVP season is chills https://t.co/UnoZBIiy87,"Chula Vista, CA",2023-02-27
1630277862174633985,Chills!!! ü•∂ Every time!!! https://t.co/AiOiLLyDVV,"Lubbock, TX",2023-02-27
1630298594015318016,"@NamasteBitchy_ Her speech last night gave me chills. Every time I hear her speak, I sit down, shut up and listen b‚Ä¶ https://t.co/Ys3Ir9rv2d","San Francisco, CA",2023-02-27
1630299018684248068,Bro it‚Äôs too hot‚Ä¶ I be sweating more than a whore in confessional,"McAllen, TX",2023-02-27
1630305216439394307,still get chills remembering when i learned about iambic pentameter,Terminal 1 Smoking Area,2023-02-27
1630308809746055169,"@RyanDivish If the massive hole in his swing has been fixed, chills. As an armchair scout with continued concerns o‚Ä¶ https://t.co/R9DU7qbaMP","San Francisco, CA",2023-02-27
1630308694398312449,There are chills and then there are @TedLasso Season 3 trailer chills. https://t.co/MoWr7kuQJ6,"Holland, MI",2023-02-27
1630307073748779008,teaching my team itzy‚Äôs wannabe today I‚Äôm gonna be so out of breath üò≠,"Edmonton, Alberta",2023-02-27
1630320147750871040,@byswickie @TheOtherBlock @SpaceDustHQ @projroadmap @BoredApeYC @yugalabs @tokenproof @peterjfang @rocsolmiami‚Ä¶ https://t.co/bi8SGJNKJd,"Tempe, AZ",2023-02-27
1630325615126560770,@Magnolia_613 @moonchic Nope! If anything decreased at height of pandemic as mitigation tactics work for all respir‚Ä¶ https://t.co/tbc8tK64WU,"Atlanta, GA",2023-02-27
1630327204340006914,And it looks like the cold isn‚Äôt just a cold‚Ä¶there‚Äôs an ear infection and the doc wants chest X-rays. FML if this i‚Ä¶ https://t.co/rtiOx5Wh1b,"Queens, NY",2023-02-27
1630332991733129217,Sweating tits in the airport,Los Angeles International Airport (LAX),2023-02-27
1630331927243763714,All I ever wanted was a man who is just nice to me and knows how to speak to me. I‚Äôm very calm very loving until my‚Ä¶ https://t.co/koCeZeIVNv,"Tucker, GA",2023-02-27
1630338014294720512,"‚ÄºÔ∏èWinter Storm Warning‚ÄºÔ∏è- southwest #Utah Heavy snow 6 to 12 inches through Tues. evening, then additional 1 to 2 f‚Ä¶ https://t.co/KLhuD6pgZn","Utah, USA",2023-02-27
1630339181271568385,"got pneumonia, listening to mitski","Medford, MA",2023-02-27
1630360239647207424,Had a nightmare that SZA took snooze off her album üòÖüò∞ woke up sweating,"Tallahassee, FL",2023-02-28
1630352293240643584,"@Matt_MillerNW the scene gave me chills, so fucking sick!","Fife, WA",2023-02-27
1630349265498259457,I‚Äôm sweating bullets in this hot ass tub,"Atlanta, GA",2023-02-27
1630343170021113856,"Doctor: You have pneumonia, but I wouldn‚Äôt worry. It‚Äôs the rock‚Äôn kind.","Minneapolis, MN",2023-02-27
1630342777320923138,@BsavageAF @jrxdcruz Biggie is her own worst enemy and she could be likable if she just chills out,"Florida, USA",2023-02-27
1630337820916105216,Tears streaming! That ending with @_nickbolton2 scoring a touchdown in the Super Bowl for my @Chiefs gave me chills‚Ä¶ https://t.co/cJHRv1IYHY,"Blue Springs, MO",2023-02-27
1630367247729324034,@jasminericegirl Being called a clown by you has me sweating right now ü´°üòÖ,"Camden, NJ",2023-02-28
1630366595414388737,"Yes, I‚Äôm okay. 

Yes, I started playing the first episode of Laguna Beach because it‚Äôs on Netflix. 

Yes, my body e‚Ä¶ https://t.co/SWaD2HD2Ao","Charlotte, NC",2023-02-28
1630380822514618368,@johnsummit 1hr 9mins in for full body chills,"Atlanta, GA",2023-02-28
1630378780299599880,Wow. Your PR team is sweating https://t.co/EgnTFuiawH,"Weslaco, TX",2023-02-28
1630377871930802177,"@bigred9368 He is very vocal haha it‚Äôs not because he‚Äôs out of breath. It‚Äôs just easier for him to mouth breathe, a‚Ä¶ https://t.co/F8ZvQCj0Pd","Montr√©al, Qu√©bec",2023-02-28
1630381609399762946,"@babypeaks The after was more sucky than the during! I suggest being ready for chills, naps, cozy blankets, smoothi‚Ä¶ https://t.co/JOVjesmGMA","Lakewood, CO",2023-02-28
1630390162906656769,"""But now the Hogs had arrived"" chills","Georgia, USA",2023-02-28
1630389893540069377,@BackupHangman is going to be sweating when he sees Cody vs Gable and Cody‚Äôs announcement after,"Saratoga Springs, NY",2023-02-28
1630394914705141760,Watching #modernlove with the wife on @PrimeVideo. Each episode tells a unique very emotional love story about a co‚Ä¶ https://t.co/KOhQYRYaLA,"Nevada City, CA",2023-02-28
1630400272018317312,I better get those foken tickets this time around or JYP is gonna hear from me(also dw just got an oopsy case of se‚Ä¶ https://t.co/MpWmyUxyHa,"Cupertino, CA",2023-02-28
1630398816875687937,10 Eerie Ruins Around The World That Will Give You Chills https://t.co/xJaWa7cTp5 #Entertainment #music #hiphop‚Ä¶ https://t.co/dOk1mQJqLQ,"Chicago, IL",2023-02-28
1630398468136275968,@DelishaDavis Baby my titties aint even that big and be sweating im good love I believe you üò≠üò≠,"Anaheim, CA",2023-02-28
1630397515190206464,@irishchick68 Did you get bronchitis,"Manhattan, NY",2023-02-28
1630404137379852288,@brad_proctor I had another experience at an abandoned asylum. In the hall I felt as if my breath was sucked out of‚Ä¶ https://t.co/AvHkuiQWqg,"Garden Grove, CA",2023-02-28
1630403628128260096,These little workouts I did had me out of breath and my legs was burning ü•µ,"Houston, TX",2023-02-28
1630411329960919040,First time setting the alarm for 4:45am in 2 months.  Hopefully my heart problems have subsided enough that I can g‚Ä¶ https://t.co/U0DmqjkhKs,"Middletown, PA",2023-02-28
1630411258536050689,15 years later and this scene in The Dark Knight still gives me chills https://t.co/aulBIhCIc2,"Sussex, WI",2023-02-28
1630420110769807361,@10MinDQ @MyPeakChallenge Nicely done Cookie!  Looks like you‚Äôre sweating‚Äô a üíã again!  üòÖ,"Eden Prairie, MN",2023-02-28
1630421982687756288,@615grower Like I‚Äôm not even sweating the $150 but still. Shits annoying,"Florida, USA",2023-02-28
1630421783999397889,"Welp, I‚Äôm pretty sure that the allergies have gotten me for only the second time since I moved here. I‚Äôm starting f‚Ä¶ https://t.co/FlvXGcKzE4","Florida, USA",2023-02-28
1630425520159563776,"@RepMTG You don‚Äôt speak for Americans, you gelatinous, gravy-sweating troll.","Oceanport, NJ",2023-02-28
1630436788505280513,I gotta find my airpod dawg. Shit got me sweating just thinking about it,"Grand Rapids, MI",2023-02-28
1630364990845714432,CHILLSüî•üçπ#GuardiansOfTheGalaxy https://t.co/0pqjCb0YgZ,"Chicago, IL",2023-02-28
1630455981816655873,@gkvky6zffq @doc_gero @Theo_TJ_Jordan @IanCopeland5 The Moderna vaccine that my husband was told would protect him‚Ä¶ https://t.co/TctjFp4R9t,"Texas, USA",2023-02-28
1630453822509420544,"I was at Mt. Everest today üòÑ
https://t.co/EoCiVk0bOs
Amazing Nepalese food in North Lethbridge. This soup had me sw‚Ä¶ https://t.co/gXX0YL5uoo","Lethbridge, Alberta",2023-02-28
1630481189067784194,Bro I saw this the first time and I was like damn but then I clicked on it and I could hear the neck üò©üò©üò© literally‚Ä¶ https://t.co/SySLe0D6a2,"Sevierville, TN",2023-02-28
1630528825737060356,"After two months of ER visits, urgent care, and PT, an acute bronchitis diagnosis is a win. 

Z-pak antibiotics and‚Ä¶ https://t.co/UEsbnDDtsN","Atlanta, GA",2023-02-28
1630535450015268865,@I_Am_JohnCullen @micthagoodkid @_Dr_Who_1 @Dee48315554 A. They can code the deaths however they choose.  So millio‚Ä¶ https://t.co/xieZ8IpGDb,"Woodstock, GA",2023-02-28
1630544521648807938,Chills ‚ù§Ô∏èüíõ‚ù§Ô∏èüíõ https://t.co/1cXEamzTkW,"Kansas, USA",2023-02-28
1630543461161005056,@BCBacker Rest up Brother.  My fianc√© and I just battled RSV.  She got a horrible sinus infection and I got pneumon‚Ä¶ https://t.co/t3DlMefmK4,"North Carolina, USA",2023-02-28
1630551297660186625,"Please keep me in prayers I have 4 broken ribs 5,6,7,8 &amp; severe bronchitis. I‚Äôm at Vanderbilt medical center in Nashville.","Nashville, TN",2023-02-28
1630554646547775490,A lot of diseases out there! U don‚Äôt even know if u get stick! No no dirty my life for just one NUT! That I can jus‚Ä¶ https://t.co/lspPlk6fuE,"Bronx, NY",2023-02-28
1630552577401036801,"Heard this on my run this morning @garyvee  and remembering the energy in those moments still send chills, motivati‚Ä¶ https://t.co/fUAkfm1cmh","Austin, TX",2023-02-28
1630552163335249920,@truemyracle2 I'm sweating,"Oklahoma, USA",2023-02-28
1630556273706934272,@RonFilipkowski This guy gives me chills. He would be the most dangerous man to ever enter the WH without a doubt,"Orlando, FL",2023-02-28
1630562973503705089,"Omg my brother is getting married in 31 days, I'm sweating üò≥","New Brunswick, NJ",2023-02-28
1630562414713348097,When all my family are sweating it out in 30C weather and I‚Äôm shovelling snow again ‚òÉÔ∏è,"Ottawa, Ontario",2023-02-28
1630560924435197952,"@matt_laubhan Avery usually chills once she gets there, she had to get two teeth pulled to get ready for this and w‚Ä¶ https://t.co/my5pOUEi9d","Tupelo, MS",2023-02-28
1630580987624148993,@centredevils Chills. Remember exactly where I was watching this. All time moment,"Claiborne, LA",2023-02-28
1630586514991136768,Preparing for #mandalorian season 3 by rewatching season 2 finale #Grogu #onthebigscreen Still gives me chills and‚Ä¶ https://t.co/PF6gMMCIBd,"Toronto, Ontario",2023-02-28
1630585392671105025,"Residents near Ohio train derailment diagnosed with ailments associated with chemical exposure.
‚Äòchemical bronchiti‚Ä¶ https://t.co/LSe7P68x0C","Albuquerque, NM",2023-02-28
1630594469174050822,"How can you NOT LOVE #kehuyquan ?‚ù§Ô∏è

I get chills.

#inspiration 
 #change
A heartfelt speech at the @SAGawards - t‚Ä¶ https://t.co/cYLqRguEBC","Manhattan, NY",2023-02-28
1630591856533708806,Cute for aesthetics but these sheets will have you sweating like a mf üò© https://t.co/pgN5bsm64u,"Dunwoody, GA",2023-02-28
1630598755170009090,i have two moods - i want it freezing af and snowing or i want to be sweating wearing nothing. i don‚Äôt like this in-between bs,"Cottonwood, CO",2023-02-28
1630597978346999809,This precious woman‚Äôs voice put chills on the tops of my feet ü•π https://t.co/8hxaABeOJ7,"Washington, DC",2023-02-28
1630602559814774785,Chills when 4/20 is Tatis and Musgrove‚Äôs first game back ü•≤,"San Diego, CA",2023-02-28
1630601566628503555,"Ya girl got pneumonia üò© Upper-mid lobes. I‚Äôm begging to not be put in the hospital.
Dr Chad ‚Ä¶ says ok .. stay home‚Ä¶ https://t.co/Hdh4kfZNcY","Florida, USA",2023-02-28
1630600766938394628,@2ndaryProtocol Good to hear you‚Äôre feeling better. I went trough double pneumonia when covid was in full force I‚Äôm‚Ä¶ https://t.co/WjF2KdhvSm,"New York, USA",2023-02-28
1630606099870105602,"1989 the number another summer (get down)
Sound of the funky drummer
Music hitting your heart 'cause I know you got‚Ä¶ https://t.co/FaMlY1oiEY","Manhattan, NY",2023-02-28
1630608284292988941,Chills- fire me up üî• https://t.co/zdqSAsDDIW,"Newnan, GA",2023-02-28
1630608000447815681,The urge to overdress in Denver is unreal. I‚Äôm so bundled on a 40 degree sunny day and sweating üòÇ,"Denver, CO",2023-02-28
1630611091213676544,"Wow, lot of sweating going on there. https://t.co/KfMNB2FzeR","Oregon, USA",2023-02-28
1630615141808062481,"I definitely got that norovirus stomach bug and it fucking SUCKED üò© I was nauseous, throwing up, had stomach pains,‚Ä¶ https://t.co/rmhp8qpc7s","Chicago, IL",2023-02-28
1630632654373568519,"im so aggy right now , we just lost 4k üòí and my man ain‚Äôt even sweating it like sir im finna cry üòÇüòÇ","Houston, TX",2023-02-28
1630630912848216075,Sweating does seem to need to exercised. When I started doing sauna a month ago it took me 23 mins to sweat. Now it‚Ä¶ https://t.co/OWj7A1ffPm,"Raleigh, NC",2023-02-28
1630635183949901826,"Morgan Wallen‚Äôs voice still gives me chills. THE BEST CONCERT, I‚ÄôVE EVER BEEN TO. Ever! Eveeeerrrrrrrrrrrr.","Houston, TX",2023-02-28
1630640288505970688,"Greaaaaa E Hot Outchea, I Sweating","Rock Hill, SC",2023-02-28
1630642193923809281,SIDNEY CROSBY. THE GOLDEN GOAL‚Ä¶ chills down my spine everytime https://t.co/w6NgoSRceu,"Vaughan, Ontario",2023-02-28
1630651349267349504,Still brings chills.  I was one of thousands of UL screaming fans at that game. It was a magical come from behind c‚Ä¶ https://t.co/bOWw8LId2q,"Jeffersontown, KY",2023-02-28
1630657758574833664,@ACLUIndiana I will be in the @ACLUIndiana‚Äôs parking lot in Indianapolis this Sunday @ 3pm if you would like have a‚Ä¶ https://t.co/lG3Q1qjZCA,"Indiana, USA",2023-02-28
1630656864953282560,"Hello bronchitis my old friend, it is never good seeing you again","Maryland, USA",2023-02-28
1630654003657732097,Herb was sweating his ass off rocking them hipsüò≠üò≠ I love that man!,"Union, NJ",2023-02-28
1630669314234671104,@erinbrasher ‚Ä¶which Pneumonia?,"California, USA",2023-02-28
1630666471779999773,when i got with melody in 2018 i was like ‚Äúaight how do i get out of my moms crib and end up being married living t‚Ä¶ https://t.co/zQh0qH3G2B,"Buechel, KY",2023-02-28
1630671372593557505,"CHILLS. 
#MIZ https://t.co/W9ZOSD8wxn","St Louis, MO",2023-02-28
1630677419462893569,"Stoner dude carrying a skateboard walks into 7-11, ambles over to the register totally out of breath and asks ‚Äúhey y‚Äôall got cumin?‚Äù","St Petersburg, FL",2023-02-28
1630679863404163074,"Pinellas County, Florida finally recognizes Juneteenth as a County holiday. Gives me chills to know it took this lo‚Ä¶ https://t.co/X7kCCDIngM","Clearwater, FL",2023-02-28
1630679714758107136,no gym today considering I‚Äôve been sweating with amazing choreography,"Toronto, Ontario",2023-02-28
1630690507432120320,"The CHILLS she gave me, not a lot of singers have that power anymore ü•πüî• https://t.co/XCnealZX5l","Brooklyn Park, MD",2023-02-28
1630703511624208391,Just now getting into @KelseaBallerini - omg she‚Äôs so good. All her songs give me chills! Late to the game not great!,"Austin, TX",2023-02-28
1630710209852190721,Chills https://t.co/wVoXwVB8iP,"Denver, CO",2023-02-28
1630723929705775104,I'm so tired from work today pushing üõí outside sweating ü•µ n shit.,"Houston, TX",2023-03-01
1630725941344325634,"Bacterial pneumonia, rather than primary viral pneumonia, was the cause of most deaths in the 1918‚Äì1919 influenza p‚Ä¶ https://t.co/5uuXh3stHY","Miami Shores, FL",2023-03-01
1630735619432349699,@NickKnudsenUS By ‚ÄúSweating‚Äù it obviously üê∏‚òïÔ∏è,"Syracuse, NY",2023-03-01
1630734811383091201,This raw truth from the Norns STILL sends chills down my spine. Confronting. Humbling. Taking responsibility for ou‚Ä¶ https://t.co/9NHvGHe0IX,"Thousand Oaks, CA",2023-03-01
1630734565190041601,This raw truth from the Norns STILL sends chills down my spine. Confronting. Humbling. Taking responsibility for ou‚Ä¶ https://t.co/Uir6etUOqh,"Thousand Oaks, CA",2023-03-01
1630734554909794305,@PodGuyFuges I get chills every time I see this,"Edmonton, Alberta",2023-03-01
1630734500282941444,"@alTIMmatum Remember the Revolution √óWill be
CREATED Out of Retirements Homes
The Last of America's Brave
Nothing t‚Ä¶ https://t.co/gFUOAFpL7p","Palm Harbor, FL",2023-03-01
1630740727029276674,These brown boys can‚Äôt catch a break. It‚Äôs a cold cruel world‚Ä¶ my momma used to say ‚Äúit‚Äôs got a dagger in one hand‚Ä¶ https://t.co/NaFET0NjLR,"Charlotte, NC",2023-03-01
1630740627146022912,People across the province getting mailers too. The Sask Party will be sweating a little seeing this. https://t.co/2F9bZ1wBaw,"Regina, Saskatchewan",2023-03-01
1630744843264688130,@mommamia1217 Governor is misspelled and it appears she is sweating like a hog.  Didn‚Äôt notice the toilet paper,"El Paso, TX",2023-03-01
1630744658765553665,"You know you have gr8 ppl when you are in bed w a fever + chills under a caccoon you don't want to come out of, and‚Ä¶ https://t.co/fmGVCDqnDm","Toronto, Ontario",2023-03-01
1630746678558085122,Grandpa is in the hospital for shortness of breath and fluids in his legs and lungs. I‚Äôm just glad I was home this‚Ä¶ https://t.co/DEGbFuDkcx,AdventHealth Medical Group Primary Care at Prairie View,2023-03-01
1630745933934739456,I'm so damn excited for the return of #TheMandalorian in a little over 6 hours. Just hearing that theme song again gives me chills.,"Bronx, NY",2023-03-01
1630745873880588289,"@MKH13Omasters It's beautiful, each track I hear from the score gives me chills and makes me want to play!","Cleburne, TX",2023-03-01
1630749798360817668,Just got chills! What a fantastic episode! üíô #TheWinchesters,"Oklahoma, USA",2023-03-01
1630756158586646529,@MrsTOH2O @BTS_twt One of the best rappers in the world - of course Suga II August D of BTS will sell it all out üéâ‚Ä¶ https://t.co/zebljA444P,"Toronto, Ontario",2023-03-01
1630755578048806914,@HeyItsMeTheDev Chills,"Westerville, OH",2023-03-01
1630755003433467905,"Nothing like sweating a little blood in the Horizon League Tourney ü©∏ 

#RMCMB ROLLS ON üò§

@RMUMBasketball üî¥‚ö™Ô∏èüîµ https://t.co/7mNN7qqPfV",UPMC Events Center,2023-03-01
1630760492171145216,this episode of #TheWinchesters is giving me chills. @imDrakeRodger @ImMegDonnelly,"Casper, WY",2023-03-01
1630758793129885696,@upnorth2k4 I get chills eveytime I see this.,"Los Angeles, CA",2023-03-01
1630767932639674369,"@1Truwop When it was like 9¬∞ outside literally?? Them people did not see me, not tryna catch pneumonia and COVID an‚Ä¶ https://t.co/daaN9HRRBL","Georgia, USA",2023-03-01
1630770498534793216,"@WSJ This is just the same old tune, so childish! The true colors of politicians have been exposed. I want to ask w‚Ä¶ https://t.co/KrERzGs7bv","Beverly Hills, CA",2023-03-01
1630770252500942849,"My little girl can‚Äôt catch a break man. She was sick last week with an ear infection, got over it, and now she has‚Ä¶ https://t.co/tgPIMi4Qds","Oklahoma, USA",2023-03-01
1630773189902209024,Honestly I can‚Äôt listen to music during cardio cuz then I get hype and want to start singing and dancing and I be o‚Ä¶ https://t.co/z5jpovbbEH,"Salinas, CA",2023-03-01
1630777192849330178,The closest the human body can come to taking a screenshot is by bringing yourself to the brink of passing out whil‚Ä¶ https://t.co/KbAdOQkl3i,"Missouri, USA",2023-03-01
1630776840758390785,@FlutoShinzawa @ConorRyan_93 Not trying to be dumb - it looked to me like he took a hard knee directly to the nuts.‚Ä¶ https://t.co/DEQTnSwn9g,"Columbus, OH",2023-03-01
1630776649414311936,Im sweating his pronunciation even more after hearing it: Yess-eh Puly-yo√º-yarv-eh https://t.co/4jT70QfzTE,"Saint John, New Brunswick",2023-03-01
1630787815788118019,Lauri had me sweating I took the under for him to score less than 30 ü§ûüèæ,"Lauderhill, FL",2023-03-01
1630788754184060928,@MsBlaireWhite I know three people that died that had covid‚Ä¶. But actually died from pneumonia after being put on the ventilator.,"Fort Worth, TX",2023-03-01
1630794069172531201,@BigBraie it‚Äôs the sweating for me lol,"Harlem, GA",2023-03-01
1630800980802428929,@AttorneyCrump @morebetje20 @TheTNHoller You can hear her wheezing and out of breath. Laying flat is the worse posi‚Ä¶ https://t.co/03zQZNjJF6,"Maine, USA",2023-03-01
1630805067124097025,@StoolFootball Chills,"Austin, TX",2023-03-01
1630810794840522752,"@JebraFaushay Dylan gives me the chills too! 

Every time Mr. Mulvaney says ‚ÄúDays of girlhood,‚Äù I get nauseous and‚Ä¶ https://t.co/4HWztySNQz","Omaha, NE",2023-03-01
1630810684169637888,our healthcare system is so cool ! I coughed so hard bc I got bronchitis then pneumonia right after 6 years ago tha‚Ä¶ https://t.co/GnntEBxIdx,"North Carolina, USA",2023-03-01
1630809502487392256,Watching the last episode of Mandalorian season 2 and damn!  Still gives me chills!!  #starwars #Mandalorian,"Greenville, IL",2023-03-01
1630815419773665282,Fun night in the Fieldhouse. Loud. Chills. Historic. W. #RockChalk #HCBS https://t.co/jVmDXiFHqf,"Kansas, USA",2023-03-01
1630792476318396418,"Same, getting chills thinking about it. https://t.co/eeY3D8rL5B","Newport, DE",2023-03-01
1630824427163197440,"Had to take Nat to the ER tonight because her little nose swell up &amp; she was having difficulty breathing. 
The doc‚Ä¶ https://t.co/6IbPsIvhUe","Georgia, USA",2023-03-01
1630823985310232576,"Pure chills. And yes, it‚Äôs close but the correct answer is 1 https://t.co/w5yK6YWztx","Seattle, WA",2023-03-01
1630831795574042624,@AttorneyCrump @TheTNHoller My prayers with her family üôèüôèüôè. She reminds me of my mom. My uncle Steve was neglected.‚Ä¶ https://t.co/ocXpuDG3mi,"Regina, Saskatchewan",2023-03-01
1630840729735139331,@potionghoul It can be done.Just requires exposure therapy. Gotta put yourself n uncomfortable situations I used to‚Ä¶ https://t.co/9YPae3yLx2,"Nevada City, CA",2023-03-01
1630844534606135301,"Peter Pan and Wendy - Official Trailer  https://t.co/I9Lvojfetl    When I was a kid, Hook was probably my favorite‚Ä¶ https://t.co/cQngoZxc5k","Lyndora, PA",2023-03-01
1630844110964772864,"At that point I was geeking because, why at all moments, a sad ass nigga is looking to be an alpha, my mans had on‚Ä¶ https://t.co/AsqPEp5TN7","Matthews, NC",2023-03-01
1630870260600672262,getting the chills and having a fever in less than 20min is really not the bizzzzz ü•≤,"Albuquerque, NM",2023-03-01
1630914134123454464,"Does this community love horror games or not?

This @EmikaGames  - Locked up gave me the chills. Some significant j‚Ä¶ https://t.co/Sto5ltIbg0","Ottawa, Ontario",2023-03-01
1630911475408678913,What‚Äôs an underrated song y‚Äôall get the chills listening too??? Mine for today would be ‚ÄúThe Play - @wizkhalifa‚Äù Ca‚Ä¶ https://t.co/GD2nQaKpn2,"Kissimmee, FL",2023-03-01
1630921562307084288,"@porterguy1 @rramom59 @Jikkyleaks ‚Äúrecommended against using antibiotics to cover post-viral pneumonia‚Äù Could this, even possibly, be true?","Kansas, USA",2023-03-01
1630921292600811522,"@seanmohen @SvenTystnad Hi Sean, didnt the missile crisis solution originate with journalist John Scali and a Russi‚Ä¶ https://t.co/kdcvl7wkAJ","Pensacola, FL",2023-03-01
1630926172967124993,not my white ass going to the ER for asthmatic bronchitis 3 days before I get blood testing for pcos AND NOW I'M ON‚Ä¶ https://t.co/V13eqAkiI1,"Fort Myers, FL",2023-03-01
1630922931688579075,Chills! #LetsGoBucs #Pirates https://t.co/XV0HfAu0KX,"Lyndora, PA",2023-03-01
1630930792858759168,if you‚Äôre working out at the gym and you‚Äôre like literally sweating but you have lashes.. does the sweat that would‚Ä¶ https://t.co/c2NBr9hCko,"Louisiana, USA",2023-03-01
1630934785609682944,Sweating out a fever is a thing right?,"Houston, TX",2023-03-01
1630933495110414337,@yogachampagne I love her but she‚Äôs too nosy! She won‚Äôt find what she wants unless she chills out!,"Highland Park, IL",2023-03-01
1630937853101326338,Breath of Shadows 2 is in comic shops today! Check out a preview right here: https://t.co/ShjfVPpAWt,"Montclair, NJ",2023-03-01
1630941002382061568,"@RobertAnnis This last time, I left with double pneumonia ü§¶üèª‚Äç‚ôÄÔ∏è but it was still an epic 12-day land adventure! (Fi‚Ä¶ https://t.co/4Vr447f7Ev","Phoenix, AZ",2023-03-01
1630946468256178178,Literally get chills seeing this trailer after being a reporter in Savannah during the time of Mallory‚Äôs death. I‚Äôl‚Ä¶ https://t.co/B6ZqF7u1hx,"Colorado, USA",2023-03-01
1630943989162442753,@BrianEntin I have chills! Let‚Äôs hope Maggie and Paul send vibes today and nail any doubt by walking their steps! C‚Ä¶ https://t.co/PLPuDiUDqf,"Newtown, PA",2023-03-01
1630954502680371201,"@PopCrave Choosing 1 from each era:
Animal- Take it off
Cannibal- Sleazy 
Warrior- Gold Trans Am / Love into the Li‚Ä¶ https://t.co/lToeaSa6AA","Pittsburgh, PA",2023-03-01
1630953852848488449,"Bronchitis or not, we talking Cowboys and this Combine this afternoon #CowboysNation! Set a reminder for my upcomin‚Ä¶ https://t.co/0KMNO1BqiD","Longview, TX",2023-03-01
1630951011182338051,@kylegriffin1 I‚Äôll believe it when I walk out of the pharmacy with it not making me bankrupt. I won‚Äôt hold my breat‚Ä¶ https://t.co/KU35kyvQEx,"Marquette, MI",2023-03-01
1630962973844946945,I AM SWEATING AND HAVE THE CHILLS AND CANT TAKE ANTIBIOTICS,"San Antonio, TX",2023-03-01
1630973431150673924,@calebtroughtz Yeah man especially after these IO calls I literally get chills about the future,"Oxford, GA",2023-03-01
1630971897616691203,This game me chills I gotta find a way to get to Cleveland this April https://t.co/2Hz24qNNmB,"Junction City, KS",2023-03-01
1630971674509156352,Nigga started SWEATING when the gay allegations came about. https://t.co/E9cZrekzGG,"Brookhaven, GA",2023-03-01
1630970875355844610,@XenaGray Mercy‚Ä¶I saw this recently on @NewsHour and it gave me chills at first but hope seeing what is happening t‚Ä¶ https://t.co/t48yKQqY4L,"Clayton, NC",2023-03-01
1630976703257272323,I‚Äôm sweating like crazy from working at shovel. I could be in Antarctica and I‚Äôd sweat like I‚Äôm in the Sahara desert,"Pennsylvania, USA",2023-03-01
1630982187687514112,@atrupar Why is Ted Cruz sweating so much while sitting?,"San Francisco, CA",2023-03-01
1630981953447919624,"@emsux You're not really dying of pneumonia, are you? üòî üôè 

Cute pup, btw.","Texas, USA",2023-03-01
1630980193102835712,"Hollywood called me back. Recovering from pneumonia, he is at home doing better. Still the same Hollywood...","College Park, GA",2023-03-01
1630978360783274008,Flash chills with Batman? #sixflagsovergeorgia,"Missouri, USA",2023-03-01
1630994926577090565,I‚Äôll just put this out for clarity:  @PackMensBball stock has dropped in the last week but have a good 5-7 team cus‚Ä¶ https://t.co/aHESLWTxyb,"Cary, NC",2023-03-01
1630994353316347905,"@mj6032369 @dgurdasani1 Same, I will say 1night of the Covid was rough 4me. sweating gallons of water profusely &amp;my‚Ä¶ https://t.co/UEazoCdSC7","Pensacola, FL",2023-03-01
1630994237066997762,"Happy March. It‚Äôs 83¬∞, sweating my balls off &amp; I wish I was at the pool!!!!!!","Florida, USA",2023-03-01
1630998142240915462,I‚Äôm watching cancel court and the plaintiff said he said your ‚Äúhonor I ain‚Äôt about to be arguing with a n*** that g‚Ä¶ https://t.co/1h7f193hbg,"Jersey City, NJ",2023-03-01
